pgcluster50,label,organ,source,predictions,fraction_ofcluster
pg1,TLS,LUSC,PRED,771,8.790331775
pg2,TLS,LUSC,PRED,1342,15.30042184
pg3,TLS,LUSC,PRED,1026,11.69763995
pg4,TLS,LUSC,PRED,595,6.783719074
pg5,TLS,LUSC,PRED,1212,13.81826474
pg6,TLS,LUSC,PRED,1363,15.53984722
pg7,TLS,LUSC,PRED,186,2.120624786
pg8,TLS,LUSC,PRED,601,6.852126325
pg9,TLS,LUSC,PRED,29,0.330635047
pg10,TLS,LUSC,PRED,232,2.645080379
pg11,TLS,LUSC,PRED,486,5.540987345
pg12,TLS,LUSC,PRED,578,6.589898529
pg13,TLS,LUSC,PRED,349,3.979021776
pg14,TLS,LUSC,PRED,1,0.011401209
pg2,GC,LUSC,PRED,8,1.57790927
pg3,GC,LUSC,PRED,31,6.114398422
pg4,GC,LUSC,PRED,81,15.97633136
pg5,GC,LUSC,PRED,7,1.380670611
pg6,GC,LUSC,PRED,34,6.706114398
pg7,GC,LUSC,PRED,113,22.28796844
pg8,GC,LUSC,PRED,2,0.394477318
pg9,GC,LUSC,PRED,1,0.197238659
pg10,GC,LUSC,PRED,140,27.61341223
pg11,GC,LUSC,PRED,5,0.986193294
pg12,GC,LUSC,PRED,58,11.43984221
pg13,GC,LUSC,PRED,27,5.325443787
pg1,TLS,BLCA,PRED,193,6.080655325
pg2,TLS,BLCA,PRED,736,23.1884058
pg3,TLS,BLCA,PRED,164,5.166981727
pg4,TLS,BLCA,PRED,92,2.898550725
pg5,TLS,BLCA,PRED,186,5.860113422
pg6,TLS,BLCA,PRED,349,10.99558916
pg7,TLS,BLCA,PRED,143,4.505356018
pg8,TLS,BLCA,PRED,631,19.88027725
pg9,TLS,BLCA,PRED,30,0.945179584
pg10,TLS,BLCA,PRED,81,2.551984877
pg11,TLS,BLCA,PRED,40,1.260239445
pg12,TLS,BLCA,PRED,455,14.33522369
pg13,TLS,BLCA,PRED,74,2.331442974
pg1,GC,BLCA,PRED,1,0.214592275
pg2,GC,BLCA,PRED,4,0.858369099
pg3,GC,BLCA,PRED,9,1.931330472
pg4,GC,BLCA,PRED,23,4.935622318
pg5,GC,BLCA,PRED,4,0.858369099
pg6,GC,BLCA,PRED,21,4.506437768
pg7,GC,BLCA,PRED,201,43.13304721
pg8,GC,BLCA,PRED,3,0.643776824
pg9,GC,BLCA,PRED,3,0.643776824
pg10,GC,BLCA,PRED,102,21.88841202
pg12,GC,BLCA,PRED,90,19.31330472
pg13,GC,BLCA,PRED,5,1.072961373
pg1,TLS,KIRC,PRED,133,11.40651801
pg2,TLS,KIRC,PRED,223,19.12521441
pg3,TLS,KIRC,PRED,88,7.547169811
pg4,TLS,KIRC,PRED,21,1.80102916
pg5,TLS,KIRC,PRED,161,13.80789022
pg6,TLS,KIRC,PRED,120,10.2915952
pg7,TLS,KIRC,PRED,25,2.144082333
pg8,TLS,KIRC,PRED,166,14.23670669
pg9,TLS,KIRC,PRED,12,1.02915952
pg10,TLS,KIRC,PRED,26,2.229845626
pg11,TLS,KIRC,PRED,21,1.80102916
pg12,TLS,KIRC,PRED,106,9.090909091
pg13,TLS,KIRC,PRED,64,5.488850772
pg2,GC,KIRC,PRED,2,5.263157895
pg3,GC,KIRC,PRED,2,5.263157895
pg4,GC,KIRC,PRED,1,2.631578947
pg6,GC,KIRC,PRED,7,18.42105263
pg7,GC,KIRC,PRED,12,31.57894737
pg8,GC,KIRC,PRED,2,5.263157895
pg10,GC,KIRC,PRED,1,2.631578947
pg12,GC,KIRC,PRED,10,26.31578947
pg13,GC,KIRC,PRED,1,2.631578947